epoch;accuracy;loss;val_accuracy;val_loss
0;0.616897463798523;1.288331389427185;0.8662999272346497;0.43029624223709106
1;0.8183884024620056;0.5807768106460571;0.9015785455703735;0.3113424777984619
