iter	MultiClass
0	2.936650511
1	2.726299012
2	2.56903593
3	2.426330978
4	2.308824574
5	2.206677609
6	2.11601906
7	2.030057005
8	1.95166309
9	1.88372374
