iter	MultiClass
0	2.923440976
1	2.710677342
2	2.547794613
3	2.410118594
4	2.299547483
5	2.205322124
6	2.117020285
7	2.038781222
8	1.966260577
9	1.899849249
