iter	MultiClass
0	2.933210224
1	2.721687454
2	2.566221248
3	2.428483206
4	2.311000367
5	2.204305381
6	2.111421713
7	2.02567748
8	1.94919289
9	1.885991694
