iter	MultiClass
0	2.966491705
1	2.751282834
2	2.580867487
3	2.42766684
4	2.31103613
5	2.213774588
6	2.120996726
7	2.042557622
8	1.968353439
9	1.903593793
