iter	MultiClass
0	2.929201011
1	2.706099088
2	2.542463593
3	2.400285172
4	2.287931748
5	2.189844953
6	2.100749216
7	2.017586334
8	1.948547376
9	1.874008765
