iter	MultiClass
0	1.88071753
1	1.64791587
2	1.301602206
3	1.12367305
4	1.005687403
5	0.9098280753
6	0.8294972627
7	0.759012372
8	0.7006783449
9	0.6760228501
