iter	MultiClass
0	3.11383138
1	2.991298149
2	2.899314871
3	2.805414863
4	2.725865937
5	2.658843072
6	2.589500153
